0.0013056102385155, 0.012358154481931, 0.019989696296265, 0.013890512850144, 0.018904104564289, 0.018929290244081, 0.013913691957937, 0.019931465183439, 0.012336548192899, 0.0012899716844318, 4.1206107803617e-05, 4.4194794139682e-05, -8.943142398676e-05, -0.00024396660845376, -0.00026547393680748, -0.00026145393508573, -0.0002369850739901, -0.00020440283929456, 1.2664242105156e-05, 7.7472389611348e-05, -3.141592653589793
-0.0021367574220758, -0.013331889895396, -0.017355799261644, -0.015653035154723, -0.017171890859216, -0.017161388659737, -0.015579420475712, -0.017484513519897, -0.01358795740202, -0.0018886807634424, 2.4233239537293e-05, 5.2034222398219e-05, 3.6095243304556e-05, -6.3389536608366e-06, 3.5796168584139e-05, 5.1630247017796e-05, 3.5164100891448e-05, -1.5959186254482e-05, 8.3677062032756e-05, 7.8346954384961e-05, -3.078760800517997
-0.0031204837873346, -0.014092981016844, -0.016327687828202, -0.015527461134018, -0.01618347987335, -0.016204164379066, -0.015485290005386, -0.016378573178173, -0.014298058514673, -0.0028722873589777, 1.1138581939755e-05, 2.0369432121717e-05, 6.1946549123666e-06, -2.3270698780305e-05, -3.0177145030648e-06, 4.5889196141681e-06, -3.3710979947694e-06, -2.8814892337405e-05, 3.4282595057647e-05, 4.2031640297671e-05, -3.015928947446201
-0.0032092336017572, -0.014006075109102, -0.015607030598333, -0.015453074964595, -0.015582571793696, -0.01558379360652, -0.015441035732796, -0.015625628048652, -0.014069714204901, -0.0031183452242308, 3.6413504691928e-06, 5.6166412415714e-06, 1.7978372381691e-06, -8.2605038760709e-06, 1.829951976449e-06, 5.0519814950434e-06, 1.7405431137481e-07, -1.3354028159887e-05, 1.1642670085413e-05, 1.7102848013852e-05, -2.9530970943744053
-0.0030702190949056, -0.013542849879681, -0.015116855038174, -0.015010052395425, -0.015088101265279, -0.015091455228807, -0.015003829825162, -0.015124386614436, -0.013581904618304, -0.0030065909106103, 1.049363012424e-05, 1.8394686680377e-05, 6.930454467158e-06, -2.1341471474396e-05, 4.0772196107544e-06, 1.2886932309266e-05, 1.7257119477529e-06, -3.0929990365683e-05, 3.5877321452173e-05, 4.6023940634324e-05, -2.8902652413026098
-0.0029735063973143, -0.013277789416882, -0.014869103012902, -0.014782878324019, -0.014842204852794, -0.014845140863838, -0.014778648138536, -0.014873883734927, -0.01330626831702, -0.0029316554588521, 9.4270891123971e-06, 1.472064037158e-05, 4.3880916402184e-06, -2.1791248167075e-05, 4.5796405160285e-06, 1.3727550960111e-05, 2.2224420589459e-06, -3.1235276442756e-05, 3.3766509755272e-05, 4.4938607940037e-05, -2.827433388230814
-0.0030227903487233, -0.013325719185021, -0.014870462357917, -0.014782081970127, -0.014838918781007, -0.014843726927323, -0.014777710337659, -0.014873883734927, -0.01335957904765, -0.0029684680786827, 1.2001831237622e-05, 1.7250616873996e-05, 2.2329044469863e-06, -3.3115249918547e-05, 8.5752123638756e-07, 1.2730692554629e-05, -1.9793016521108e-06, -4.4989327014841e-05, 4.1671601217938e-05, 5.8419343951962e-05, -2.764601535159018
-0.0027521615973566, -0.012646424936327, -0.014295949337617, -0.014176248298851, -0.014258913858416, -0.014266370345478, -0.014165232593905, -0.01430792928591, -0.012719499682949, -0.0026410101377664, 9.1789616742244e-06, 1.2429193239477e-05, 2.7954687385534e-06, -2.3184388491173e-05, 6.0463182800458e-06, 1.5591954304283e-05, 1.7369198124412e-06, -3.650288612431e-05, 3.14890685303e-05, 4.6797870026582e-05, -2.701769682087222
-0.0026675630497452, -0.012353599801909, -0.013996896464305, -0.013872381320981, -0.01395340624546, -0.013963424572142, -0.013860562954406, -0.014008051582555, -0.012435739807183, -0.0025425081088159, 1.081502709587e-05, 1.4200576511885e-05, 2.7389814486933e-06, -2.8096537873139e-05, 7.084157876395e-06, 1.8580652450071e-05, 1.8920255602309e-06, -4.4050959900568e-05, 3.719893392275e-05, 5.5849799478199e-05, -2.638937829015426
-0.0025451696492852, -0.012017544500193, -0.013705115636084, -0.013576100243068, -0.013662079560339, -0.013672661376369, -0.013561346570435, -0.013720675753398, -0.012116172159402, -0.0024045935692465, 8.333941433514e-06, 9.0306810003964e-06, 6.3766637434002e-07, -2.3628495940899e-05, 7.36305208462e-06, 1.7201488936839e-05, 2.0163590864325e-06, -3.885424524401e-05, 2.8743578551447e-05, 4.6589283463213e-05, -2.57610597594363
-0.0024629136318334, -0.011727499984782, -0.013410981947448, -0.013276456250426, -0.013360300147908, -0.013373819574256, -0.013261016654203, -0.013425228457562, -0.011835246036851, -0.0023086443054795, 9.4971915946154e-06, 9.9607312820577e-06, 3.1224042830279e-07, -2.7498567422122e-05, 8.3942862961994e-06, 1.9813330113104e-05, 2.2417900812325e-06, -4.4993299101357e-05, 3.2882323681381e-05, 5.3631145180358e-05, -2.5132741228718345
-0.0023415313507761, -0.011367691702054, -0.013097211839525, -0.012927012074523, -0.013029072668925, -0.013050837052566, -0.012902187212842, -0.013120082983953, -0.011547327737791, -0.0020846251321187, 1.2139168256488e-05, 1.7895536757571e-05, 4.6472126486975e-06, -2.9729651616099e-05, 5.0173106244974e-06, 1.6058170123282e-05, -1.0181808848849e-06, -4.7854157827646e-05, 3.802414380225e-05, 5.8189047251709e-05, -2.4504422698000385
-0.0022799707990867, -0.01117427210715, -0.012901706411696, -0.012766087431698, -0.012831524118612, -0.012850675331668, -0.012755036806286, -0.012904263735005, -0.01127835495816, -0.0021086042461984, 9.786690043705e-06, 1.1211109652671e-05, 2.7709431604934e-07, -2.9032830553525e-05, 4.6723138755775e-06, 1.5198292779688e-05, -1.6970066219072e-06, -4.7079254842654e-05, 3.0849237363254e-05, 5.2536278267197e-05, -2.3876104167282426
-0.0020812995924166, -0.010654007521941, -0.01251884353218, -0.012344857338137, -0.012448103778665, -0.012471204169239, -0.012317510904966, -0.012545058736576, -0.01083691487536, -0.001854538507854, 7.1085382297167e-06, 6.0243226964866e-06, -2.1517021225613e-07, -2.1035991691343e-05, 9.2362252882563e-06, 1.8375215393733e-05, 2.7034185384683e-06, -3.8185165666682e-05, 2.3743391801031e-05, 4.2926237298445e-05, -2.324778563656447
-0.0019930156242861, -0.010327964292739, -0.012174994781442, -0.012001610379051, -0.012093026121157, -0.012119292643753, -0.011977553331056, -0.012192994108856, -0.010500251134006, -0.0017694259004069, 7.4323733886116e-06, 4.878741790364e-06, -1.7640688026235e-06, -2.4112638221106e-05, 1.0132651274871e-05, 2.0534483140254e-05, 2.8919573399469e-06, -4.3027544470601e-05, 2.5388498282654e-05, 4.7364687935149e-05, -2.261946710584651
-0.0019107572575379, -0.01001557339333, -0.011841080304704, -0.011667505762497, -0.011749909407758, -0.011778977722319, -0.011645563151389, -0.011853162814191, -0.010182758914734, -0.0016869781867054, 7.7694734922086e-06, 4.0937091300451e-06, -2.8775779936517e-06, -2.6599525733316e-05, 1.1133500844536e-05, 2.2651476898585e-05, 3.2913961249941e-06, -4.704205234862e-05, 2.7073937454508e-05, 5.1335153585446e-05, -2.199114857512855
-0.0018294164231723, -0.0097054591599466, -0.011512164362384, -0.011337565401659, -0.011412880793741, -0.011444552358714, -0.011317006486196, -0.011519744327856, -0.0098705227082512, -0.0016046257685249, 8.1028341613197e-06, 3.4973332161726e-06, -3.7262104073871e-06, -2.8679820001896e-05, 1.2266649609784e-05, 2.4823348990056e-05, 3.9009390953101e-06, -5.047292935398e-05, 2.8814572491515e-05, 5.5010731406573e-05, -2.1362830044410597
-0.0018202548274453, -0.0096346017827931, -0.011411694973943, -0.011267206390079, -0.011318662288459, -0.011345009116715, -0.011258688689173, -0.011404058564721, -0.0097331806421759, -0.0016637321486724, 6.9248692678544e-06, 6.4434138256686e-07, -5.1769619667321e-06, -2.7176094923615e-05, 1.2563577139188e-05, 2.4738361454899e-05, 4.4843319443773e-06, -4.8023843516382e-05, 2.5893414272608e-05, 5.1537974887045e-05, -2.0734511513692637
-0.0017080225648521, -0.0091891851177748, -0.010938562012759, -0.010794141134522, -0.010837798273589, -0.010866139319009, -0.010788415659143, -0.010924609506015, -0.0092753930562947, -0.001564190624474, 7.2850222794478e-06, 1.3802472692901e-07, -5.9029913317444e-06, -2.9081831262866e-05, 1.4045618570941e-05, 2.7446131467524e-05, 5.8084653454547e-06, -5.0572827837365e-05, 2.8603317162197e-05, 5.548539493075e-05, -2.0106192982974678
-0.0016182771198212, -0.0087787222747722, -0.010494281969823, -0.010357170714043, -0.010397960678552, -0.010424577946465, -0.010352660050635, -0.010479752034694, -0.0088545402734832, -0.0014904279927168, 5.8636767566954e-06, -2.642852923395e-06, -6.8420632075826e-06, -2.605873921674e-05, 1.4489604142244e-05, 2.6996658316664e-05, 6.5500724270002e-06, -4.6350965598518e-05, 2.4493555114866e-05, 5.0036108691243e-05, -1.9477874452256718
-0.0014933697342859, -0.0082417656367584, -0.0098935693027055, -0.0097859654499229, -0.0097928007793923, -0.0098151694913781, -0.0098015437591904, -0.0098492649206467, -0.0081956441805738, -0.0015098277153441, 2.4558605530101e-06, -2.211136774611e-05, -3.409949767193e-05, -5.7908729467179e-05, -1.4436296857878e-05, 3.431484803064e-07, -1.9050594228053e-05, -7.1884720693457e-05, 1.2855890791409e-05, 5.1762224692805e-05, -1.8849555921538759
-0.001491658897047, -0.00824206632917, -0.0098945987941982, -0.0097861045591022, -0.009792047023739, -0.0098149179924562, -0.0098020485577447, -0.0098492649206467, -0.008194819311825, -0.0015085491064372, 1.8245510888986e-06, -2.57604633927e-05, -3.8709690411338e-05, -6.3096576394273e-05, -1.8605353420118e-05, -3.4864585394315e-06, -2.3345858268053e-05, -7.7367230676721e-05, 9.9925188923152e-06, 5.224632906837e-05, -1.82212373908208
-0.0014903456366465, -0.0082423058876424, -0.0098953962215568, -0.0097862194141943, -0.0097914726730166, -0.0098147283595724, -0.009802449430469, -0.0098492649206467, -0.0081941626794937, -0.0015075914632844, 1.0468522138025e-06, -2.9900163938429e-05, -4.3878645721008e-05, -6.8721423615206e-05, -2.3437726076152e-05, -8.0576153704339e-06, -2.8283886204278e-05, -8.3207418553457e-05, 6.4485732826973e-06, 5.2317991831161e-05, -1.7592918860102844
-0.0012975061254265, -0.0073798511491107, -0.0089410234342574, -0.0088079898028731, -0.0088279291617624, -0.0088590521417578, -0.0088103548911743, -0.0089112499307349, -0.0074248853726238, -0.0012003348560644, 6.5567533015918e-06, -5.0997209193875e-06, -1.0488715938643e-05, -3.3111791417426e-05, 1.5753924589069e-05, 3.1281605612048e-05, 7.4645185111159e-06, -5.493742808576e-05, 2.9888777620614e-05, 5.9755058479764e-05, -1.6964600329384885
-0.0012297355270555, -0.0070671655629584, -0.0085857773045071, -0.008454431442556, -0.0084703145117919, -0.0085020830011949, -0.0084580586887532, -0.0085533539353257, -0.0071062365365059, -0.0011386969812233, 6.5897843658375e-06, -5.8213523536097e-06, -1.1430729462247e-05, -3.455030069422e-05, 1.5661892558418e-05, 3.168309856746e-05, 7.3323854784106e-06, -5.6580342220277e-05, 3.0485070409203e-05, 6.1226680204784e-05, -1.6336281798666925
-0.0011702177347027, -0.0067909905904039, -0.008271496285624, -0.0081417046074315, -0.0081540741788694, -0.0081863778492235, -0.008146417453945, -0.0082368108652937, -0.0068248962826316, -0.0010845078370519, 6.5344744217733e-06, -6.802983278826e-06, -1.2659078341252e-05, -3.6180391155058e-05, 1.5184044007623e-05, 3.1625634553298e-05, 6.8161385848063e-06, -5.8383443693638e-05, 3.0630677113899e-05, 6.2386358826905e-05, -1.5707963267948966
-0.0011148835602183, -0.0065305250847678, -0.0079735276496278, -0.0078454028174491, -0.0078546292398829, -0.0078873380696778, -0.0078510659345134, -0.0079369151330334, -0.0065597885469056, -0.0010340472823962, 6.413735124048e-06, -7.9401816038308e-06, -1.4056072082635e-05, -3.7889707034698e-05, 1.4423000963485e-05, 3.1212245994198e-05, 6.0298165555086e-06, -6.0214052545328e-05, 3.0437513149569e-05, 6.3254316656685e-05, -1.5079644737231006
-0.0010630367431525, -0.0062829717426793, -0.0076888743148717, -0.0075625368310685, -0.0075689490838018, -0.007601941524284, -0.0075690291888085, -0.007650638899522, -0.0063080476990298, -0.00098669323321817, 6.2293402630657e-06, -9.2373591165594e-06, -1.5630837821511e-05, -3.9696707202886e-05, 1.3376064081169e-05, 3.0446278847061e-05, 4.9708625897026e-06, -6.2092189862937e-05, 2.9916500872586e-05, 6.3850705413211e-05, -1.4451326206513049
-0.0010168460458522, -0.0060611305583555, -0.0074335110539673, -0.0073088752729926, -0.0073128743139111, -0.0073460630630956, -0.0073160679245612, -0.0073939423854633, -0.0060825815521336, -0.00094445663975882, 5.9497437408951e-06, -1.0854707673916e-05, -1.7572968245314e-05, -4.1797025365556e-05, 1.1880429711923e-05, 2.9173880997291e-05, 3.4666582744296e-06, -6.4231972162505e-05, 2.89250664705e-05, 6.4171899964831e-05, -1.382300767579509
-0.00097192712283906, -0.0058415010243917, -0.0071790404383706, -0.0070563332279841, -0.0070581444265479, -0.0070914067661885, -0.0070641336494593, -0.0071383961259825, -0.0058596130096743, -0.00090331389516713, 5.6161402225878e-06, -1.2599687641038e-05, -1.9660299911634e-05, -4.3972976583987e-05, 1.013218280533e-05, 2.7588016882746e-05, 1.7274837637681e-06, -6.6391083118543e-05, 2.7655488963744e-05, 6.4247379929674e-05, -1.319468914507713
-0.00093161819434247, -0.0056430501948466, -0.0069488947188246, -0.0068280624780824, -0.0068280379850541, -0.006861290015906, -0.0068363573744901, -0.0069074357159446, -0.0056582995508692, -0.00086634595599583, 5.1767102114999e-06, -1.4718217690354e-05, -2.2180631465681e-05, -4.6510884585861e-05, 7.8747895466073e-06, 2.5438745084221e-05, -5.1633767282334e-07, -6.887800930089e-05, 2.5871979462462e-05, 6.4045034944792e-05, -1.2566370614359172
-0.00090668013493567, -0.0052970896472159, -0.0063603262571524, -0.0062457329018862, -0.0062362375833155, -0.0062725029752639, -0.0062521378885638, -0.0063196339800422, -0.0053310163199301, -0.00082969241693204, 1.0884983894091e-05, 6.7033941237576e-07, -1.0452143441564e-05, -4.5850472071836e-05, 1.6414549307701e-05, 3.7354884020467e-05, 9.1163102650293e-06, -6.8115113197676e-05, 4.912612242569e-05, 8.2256097384742e-05, -1.1938052083641213
-0.00084679205763169, -0.0050369622811717, -0.0060606790451082, -0.005944170014486, -0.0059287046332833, -0.0059672610579288, -0.0059526428397951, -0.0060146067223617, -0.0050635188657984, -0.00077421125302238, 1.1445462712196e-05, 1.8766690111776e-07, -1.1559118033488e-05, -4.8996683567064e-05, 1.7420378651802e-05, 3.9779734632259e-05, 9.695174621588e-06, -7.2576453433914e-05, 5.2063947014003e-05, 8.7440221890345e-05, -1.1309733552923256
-0.00078809844223435, -0.0047482355015231, -0.0057237627547451, -0.0056094475647583, -0.0055903819782216, -0.0056292088042254, -0.0056193429543333, -0.0056750676127406, -0.0047671950254627, -0.00072258492535682, 1.1285388241808e-05, -6.8556745825593e-07, -1.232300116894e-05, -4.960190069917e-05, 1.7461364405811e-05, 4.0039705908989e-05, 9.6690290334929e-06, -7.3321832130818e-05, 5.1857066701411e-05, 8.7789181654944e-05, -1.0681415022205298
-0.00073464390652335, -0.0044841134333049, -0.0054149922600572, -0.0053027308846865, -0.0052804728261648, -0.005319517231063, -0.0053138673778591, -0.00536402457688, -0.0044964061479434, -0.00067534613194139, 1.1060797626223e-05, -1.8416080807491e-06, -1.3480259276046e-05, -5.0636038964244e-05, 1.698823903814e-05, 3.9756471682835e-05, 9.1375495189241e-06, -7.4470523668157e-05, 5.1274914515761e-05, 8.8005888094891e-05, -1.0053096491487339
-0.00065334727284111, -0.0040926231064714, -0.0049467935246114, -0.0048488207239867, -0.0048079902882229, -0.0048443291881559, -0.0048741382122922, -0.0048742582310354, -0.0040177226698359, -0.00067995556634605, 8.7947267190503e-06, -1.4689492096497e-05, -2.9775824360052e-05, -6.8825805729391e-05, 2.3254475524207e-06, 2.6556411871311e-05, -5.1061802850183e-06, -9.1953433780093e-05, 4.2960608088191e-05, 8.9984795033044e-05, -0.9424777960769379
-0.000655349457258, -0.004092475124724, -0.0049458089518185, -0.0048488747093552, -0.0048090407931479, -0.0048447902210961, -0.0048738210992928, -0.0048743948074984, -0.0040185610079838, -0.0006816917838954, 6.6432295195104e-06, -2.3629083393449e-05, -4.0469485612208e-05, -7.8973480596628e-05, -8.8989160018791e-06, 1.4945499224334e-05, -1.6270758210291e-05, -0.00010165334808969, 3.3038932335913e-05, 8.6474804408145e-05, -0.8796459430051422
-0.00057724120532599, -0.003704072930097, -0.0044981143334902, -0.0043914134340386, -0.0043597898765634, -0.00439973547253, -0.0044059590645268, -0.0044406527589755, -0.0036986195507571, -0.00053396660707654, 1.0473153920778e-05, -5.7203708209272e-06, -1.7929741248612e-05, -5.5526542388257e-05, 1.4417104100723e-05, 3.7983024912925e-05, 6.3532817244239e-06, -7.989417346484e-05, 4.9550887268566e-05, 8.9657631511457e-05, -0.8168140899333463
-0.00051904938739098, -0.0034379279245986, -0.0041859049179097, -0.0040784025871246, -0.0040414398296151, -0.0040831630585854, -0.0040947940057668, -0.0041238566855701, -0.0034253679212249, -0.00048042026225276, 1.1032065135947e-05, -5.8042575922394e-06, -1.8554393121767e-05, -5.7971172036528e-05, 1.5467215140418e-05, 4.0235217616079e-05, 7.0676388888685e-06, -8.3417493635587e-05, 5.2365423054072e-05, 9.4163993989139e-05, -0.7539822368615503
-0.000471368852089, -0.0031884143360265, -0.0038896354587299, -0.0037851985850809, -0.0037463107250595, -0.0037876382941235, -0.0038022851417289, -0.003826744605944, -0.0031710887794454, -0.00043776370208683, 1.0499723345441e-05, -7.8205260017346e-06, -2.0798288919756e-05, -5.9837437723547e-05, 1.324636510714e-05, 3.7896963823632e-05, 4.898705941048e-06, -8.5074105686111e-05, 5.0141490896776e-05, 9.3121233735371e-05, -0.6911503837897545
-0.0004182049702516, -0.0029326302288108, -0.0035873120569207, -0.0034835694732136, -0.0034406690131484, -0.003482929611512, -0.0035020636517296, -0.003521274608882, -0.0029090486149078, -0.00038941800322028, 1.0636826828888e-05, -8.7287169116431e-06, -2.2188046288081e-05, -6.227519169754e-05, 1.2877041831161e-05, 3.8242239355699e-05, 4.341891361632e-06, -8.8106177801018e-05, 5.097785445261e-05, 9.5570853515285e-05, -0.6283185307179586
-0.00037330573287519, -0.0026944273322987, -0.0033031921946806, -0.003202637298433, -0.0031581276399513, -0.0031998762193874, -0.0032216999509215, -0.003236624672339, -0.0026665617696736, -0.00034918365494533, 9.9386828553441e-06, -1.144933720115e-05, -2.5328600752159e-05, -6.5046396848951e-05, 9.6182470758503e-06, 3.4821221589525e-05, 1.1509673514358e-06, -9.061241217731e-05, 4.7921759254444e-05, 9.4232446209642e-05, -0.5654866776461628
-0.00028826083099383, -0.0022506961769987, -0.0027521022598108, -0.0026552431930163, -0.002604414414899, -0.0026470234509255, -0.0026760100181761, -0.0026819346706622, -0.0022147390769315, -0.0002720116968222, 1.3113686696568e-05, -9.075815881819e-07, -1.4359573294116e-05, -5.7536002240353e-05, 2.0933727844434e-05, 4.7622973447336e-05, 1.2622760879586e-05, -8.3630101084253e-05, 6.2216372450013e-05, 0.000102659238542, -0.5026548245743669
-0.0002389440576715, -0.0020173364566994, -0.0024703321526917, -0.0023800846654941, -0.002318291112416, -0.0023599695586804, -0.0024091367098039, -0.0023869597509242, -0.0019313707984541, -0.00026947342240246, 1.0891826265123e-05, -1.3380244108207e-05, -2.9996259856912e-05, -7.4917343539941e-05, 6.8646719995307e-06, 3.4722114838218e-05, -1.6580457423357e-06, -0.00010154470264991, 5.2971934637357e-05, 0.00010431567147071, -0.4398229715025711
-0.00018632694266026, -0.0017423955909859, -0.0021470828836661, -0.0020532636136247, -0.0019955510128662, -0.0020391374608237, -0.0020766166324142, -0.0020717429141018, -0.0016934688315537, -0.00018072580825462, 1.2799068313635e-05, -4.1860719869249e-06, -1.8570746905443e-05, -6.2935573620372e-05, 1.8188238430036e-05, 4.5778801365701e-05, 9.594911825993e-06, -8.9813311387214e-05, 6.1146620899926e-05, 0.00010520428825303, -0.37699111843077515
-0.00012980682822474, -0.0014755402432306, -0.0018301492603838, -0.0017363626732654, -0.0016735885432962, -0.0017185647081456, -0.0017616094673017, -0.0017504640333166, -0.0014184160686881, -0.00013004393309469, 1.3112554093724e-05, -5.1290144422642e-06, -2.019192313155e-05, -6.621157544784e-05, 1.8050726420292e-05, 4.6714321779163e-05, 9.1416663586799e-06, -9.4071356572189e-05, 6.2781040062038e-05, 0.00010905720671763, -0.3141592653589793
-7.4981343344753e-05, -0.0012057946859458, -0.0015084574123235, -0.0014159879348386, -0.0013491617814504, -0.0013948432837317, -0.0014427872662695, -0.0014255696338537, -0.0011410779273681, -8.1277665063108e-05, 1.3118892172796e-05, -6.5706408346115e-06, -2.2242450754771e-05, -6.929477330442e-05, 1.6915618346905e-05, 4.6247055949366e-05, 7.8170872337883e-06, -9.7732663204144e-05, 6.2949930726757e-05, 0.0001112491413492, -0.25132741228718347
-3.2431033447976e-05, -0.00097957167558672, -0.0012316603307679, -0.0011456460005219, -0.001073709959119, -0.0011178473390366, -0.00117645136385, -0.0011432422226371, -0.00088831802668137, -6.4903788584172e-05, 1.0236159611726e-05, -2.0195854478003e-05, -3.9135432289021e-05, -8.6839437343548e-05, -8.8676897592939e-08, 2.9447577260086e-05, -9.1641028616949e-06, -0.0001150235744156, 5.0136743393861e-05, 0.00010927504773795, -0.18849555921538758
4.7057343869897e-05, -0.00060314778901577, -0.00078602322915181, -0.00069696485315116, -0.00062114904494753, -0.00066822828755775, -0.00072720297783375, -0.00069615957581748, -0.00052114019844159, 2.6585978014498e-05, 1.4775373552708e-05, -2.7518424723037e-06, -1.8588796136419e-05, -6.8393865282583e-05, 2.2404687708675e-05, 5.3349419998306e-05, 1.2980440923106e-05, -9.8147866598783e-05, 7.072742875023e-05, 0.00011836077931249, -0.12566370614359174
0.00010481962787154, -0.00031527309673072, -0.00044160333117131, -0.00035450628224933, -0.00027467463898539, -0.00032221853915738, -0.00038634938843086, -0.00034864071819353, -0.00022482764540621, 7.728220508113e-05, 1.5246209972967e-05, -1.9844813832243e-06, -1.7980131112772e-05, -6.8776269233573e-05, 2.377040745011e-05, 5.5319836253929e-05, 1.4192843184993e-05, -9.9068637912432e-05, 7.2964092591982e-05, 0.00012086597907237, -0.06283185307179587
0.00015376760133809, -6.9305993048868e-05, -0.00014705104738312, -6.2226319435591e-05, 2.1192194295038e-05, -2.6527012536431e-05, -9.566030223446e-05, -5.1206474907761e-05, 3.0085795119344e-05, 0.00011814300087361, 5.222480125721e-06, -4.8629678584656e-05, -7.4972134172877e-05, -0.00012687692811896, -3.2768369167152e-05, -7.8561114441955e-07, -4.2767536046042e-05, -0.00015716932491678, 2.7368788726608e-05, 0.00011230609326683, 0.0
0.00021470438606855, 0.00025362453338982, 0.00024042452195328, 0.0003214785519114, 0.00040724506558042, 0.00036000127968802, 0.00028718972277842, 0.00033727763603486, 0.00035891921275852, 0.00017352094273848, 1.5528021412232e-05, -1.518663777226e-06, -1.7601059793569e-05, -6.8981551018539e-05, 2.4601089704141e-05, 5.6504285222043e-05, 1.4920016293868e-05, -9.9617215058672e-05, 7.4284970564582e-05, 0.00012235079172372, 0.06283185307179587
0.00026610369903443, 0.00054059488385564, 0.000586012677969, 0.00066206813891224, 0.00074886130555475, 0.00070287429085676, 0.00062734524459841, 0.00068256550291088, 0.00065089948426191, 0.00021901322230574, 1.5071991962892e-05, -2.2619311601144e-06, -1.8199992418529e-05, -6.8627082693506e-05, 2.3242202310735e-05, 5.4552195496891e-05, 1.3711851593374e-05, -9.8735107667135e-05, 7.2112016049821e-05, 0.0001199155819782, 0.12566370614359174
0.00031295896732114, 0.00083559529571524, 0.00094355601399418, 0.0010115727947203, 0.0010963270979542, 0.0010532944346592, 0.00097771480382509, 0.0010362134182762, 0.00094672165218593, 0.0002617924373449, 1.3771143954039e-05, -4.2254756577529e-06, -1.9700600083494e-05, -6.7307480413299e-05, 1.9459383180392e-05, 4.90145033935e-05, 1.0412689883582e-05, -9.5784599232236e-05, 6.5939061752003e-05, 0.00011273753398706, 0.18849555921538758
0.00036283837857946, 0.0010873479863636, 0.0012415011457709, 0.0013110194263079, 0.0013950543113732, 0.0013505828181139, 0.0012800162332841, 0.0013306574095603, 0.0011790702007816, 0.00033030453103286, 1.3256491661103e-05, -7.0598076317747e-06, -2.3299487011951e-05, -7.1362007109947e-05, 1.6086393478552e-05, 4.5887910192891e-05, 7.0137907428572e-06, -9.9919815705748e-05, 6.4032340800514e-05, 0.00011332020918244, 0.25132741228718347
0.00042252772783847, 0.0014224054124272, 0.001650071847355, 0.0017107687366798, 0.0018005114252935, 0.0017583520314784, 0.0016750093617732, 0.0017452282648003, 0.0015460567418251, 0.00035894239334753, 1.3395661015678e-05, -5.3970162815495e-06, -2.0840322328097e-05, -6.7952030698908e-05, 1.8308089321451e-05, 4.7639264400011e-05, 9.1617968723053e-06, -9.651438386234e-05, 6.4143500477542e-05, 0.00011163603165701, 0.3141592653589793
0.00047063336237291, 0.0016924627055261, 0.0019747297638565, 0.002030433383082, 0.0021205379423512, 0.0020797517321227, 0.0019946190154108, 0.0020688435762806, 0.0018191991275261, 0.00040259645794656, 1.3348747984015e-05, -4.1386541837662e-06, -1.9037829056868e-05, -6.5138141192263e-05, 1.9131817681423e-05, 4.7781383024208e-05, 1.0180675828318e-05, -9.3107668645521e-05, 6.3757494604079e-05, 0.00010937654262988, 0.37699111843077515
0.00051656645545082, 0.0019609081695431, 0.0022978096443564, 0.002347556877539, 0.002436828367773, 0.002397998147761, 0.0023122196218065, 0.0023895001582641, 0.0020888273682784, 0.00044512386287146, 1.3029041861396e-05, -3.2542560884104e-06, -1.7515961201395e-05, -6.2001401551876e-05, 1.9134437879731e-05, 4.6713181643624e-05, 1.0500436525283e-05, -8.8990423691859e-05, 6.2069768247875e-05, 0.00010554203927254, 0.4398229715025711
0.00055004225727268, 0.0021181494749664, 0.0024787379056435, 0.0025350103240806, 0.0026201204442004, 0.0025783269571636, 0.0025058604110808, 0.0025626102550447, 0.0022044173885552, 0.0005194307029604, 1.240175477654e-05, -6.9793607592407e-06, -2.2344417159276e-05, -6.7584863389629e-05, 1.4685497988652e-05, 4.2721040825176e-05, 6.1478083743083e-06, -9.4450901420527e-05, 5.9918389514581e-05, 0.00010655768297604, 0.5026548245743669
0.000630851264781, 0.0026701178116168, 0.003172426745716, 0.003207822891501, 0.0032979902468123, 0.0032629383084542, 0.0031730042816057, 0.0032601335147363, 0.002801192137193, 0.00055113721244559, 9.4023491118506e-06, -1.3489257513955e-05, -2.7665341358827e-05, -6.7059437765583e-05, 7.0761318008885e-06, 3.2067541815202e-05, -1.403975890122e-06, -9.2526098283889e-05, 4.5472425517135e-05, 9.3090236980976e-05, 0.5654866776461628
0.00067735717133386, 0.0029057609284271, 0.0034529675540227, 0.0034861584641415, 0.0035788002807025, 0.0035437103374159, 0.0034504728629535, 0.0035421636631327, 0.0030417856640996, 0.00059288048349075, 1.0212814090505e-05, -1.0327638789545e-05, -2.4005874141925e-05, -6.3819265575869e-05, 1.0887088421591e-05, 3.6070383927803e-05, 2.3332227075735e-06, -8.9583668754034e-05, 4.9050059866483e-05, 9.4650657845362e-05, 0.6283185307179586
0.0007247055092234, 0.003145940028752, 0.0037384872177003, 0.0037692260636951, 0.0038641888512482, 0.003829182837095, 0.0037327237503717, 0.0038289843152952, 0.0032868955031006, 0.00063531675412754, 1.0873237043532e-05, -7.761492549198e-06, -2.107872225898e-05, -6.1273921191542e-05, 1.3854096047613e-05, 3.917814765598e-05, 5.2415502760978e-06, -8.7279167907626e-05, 5.1897327048794e-05, 9.5898853233094e-05, 0.6911503837897545
0.00077125430655363, 0.0034041250769889, 0.0040464017901425, 0.004072257744957, 0.0041670700995439, 0.0041334925915402, 0.0040360269924117, 0.0041352525311078, 0.0035464377791473, 0.0006786566654955, 1.0718261134296e-05, -6.9189037595785e-06, -1.9785356737482e-05, -5.8938654635156e-05, 1.4068047349802e-05, 3.8660209578868e-05, 5.6504657351675e-06, -8.4331530290454e-05, 5.0955029449879e-05, 9.3389708569266e-05, 0.7539822368615503
0.00081749266642854, 0.0036723623473532, 0.0043665180327363, 0.0043862078551809, 0.0044794804378465, 0.0044480529815354, 0.0043508795603305, 0.0044520616810718, 0.0038138450422617, 0.00072285193782636, 1.0150619875034e-05, -6.8562150444734e-06, -1.917838909008e-05, -5.6496671639441e-05, 1.2992065511711e-05, 3.6373683394129e-05, 4.9108850078852e-06, -8.0807046445593e-05, 4.8105042847552e-05, 8.885040667779e-05, 0.8168140899333463
0.00091893339574079, 0.0041780298296215, 0.0049532114253886, 0.0049803565109997, 0.0050650577153742, 0.0050301259156906, 0.0049558635514558, 0.0050236483392615, 0.0042508553918934, 0.00089285614959977, 5.3202976086882e-06, -2.9087763323722e-05, -4.7060770275972e-05, -8.5256697490417e-05, -1.6097823818583e-05, 7.4178571541409e-06, -2.3409186520435e-05, -0.00010759978567265, 2.6915064914755e-05, 8.4192559097778e-05, 0.8796459430051422
0.00092135661168058, 0.0041787864450273, 0.0049532114253886, 0.004981514193163, 0.0050673396906267, 0.005031746533702, 0.0049566036684192, 0.0050249080828186, 0.0042527255816231, 0.00089497594690549, 7.6743525507726e-06, -1.9331507300124e-05, -3.5396177504953e-05, -7.4207461396848e-05, -3.838064896418e-06, 2.0111573226617e-05, -1.1218338978907e-05, -9.7050831316743e-05, 3.7772004265938e-05, 8.8069852866185e-05, 0.9424777960769379
0.00097171389978651, 0.0044486488967585, 0.0052824734213822, 0.0052926105846111, 0.0053915980209393, 0.0053614692247296, 0.0052552530423325, 0.0053703136719707, 0.0046049175134396, 0.00086071225631862, 1.1424067863481e-05, -1.8455338001085e-06, -1.3866449871636e-05, -5.2216289301832e-05, 1.7417233682059e-05, 4.0846096475228e-05, 9.2996455165117e-06, -7.6827521600091e-05, 5.2951027561635e-05, 9.0776207270264e-05, 1.0053096491487339
0.0010185477369062, 0.0047049649244165, 0.0055848646065204, 0.0055895855711915, 0.0056876657924438, 0.0056593363284892, 0.0055527913684339, 0.0056702482605553, 0.0048617655675938, 0.00090451758335114, 1.1172139884934e-05, -1.1645330270179e-06, -1.28130128231e-05, -5.000452887536e-05, 1.7003709394251e-05, 3.9534887593666e-05, 9.1521539312223e-06, -7.3814127122171e-05, 5.1427230767999e-05, 8.7662099991955e-05, 1.0681415022205298
0.001073839683195, 0.0049830623950012, 0.0059109323618849, 0.0059114977746301, 0.0060109152654968, 0.0059834886345025, 0.0058742091432221, 0.0059963746033225, 0.0051447862525381, 0.00095364064162951, 1.1386664961627e-05, -1.0553835793458e-07, -1.1822499820485e-05, -4.9205394608306e-05, 1.7252806871101e-05, 3.959830883343e-05, 9.4591553460042e-06, -7.2907912578589e-05, 5.191187641738e-05, 8.7476301237565e-05, 1.1309733552923256
0.0011187653772357, 0.005240290051401, 0.0062137632384632, 0.006207722551323, 0.0063046077437911, 0.0062797235932256, 0.006171747512809, 0.0062948675139429, 0.0053997137262098, 0.0009972657360931, 1.0819373274908e-05, 3.3934868318199e-07, -1.0755076490786e-05, -4.6098012458493e-05, 1.6228631652442e-05, 3.716193277163e-05, 8.8589614353138e-06, -6.849232208593e-05, 4.8952513115378e-05, 8.230214280476e-05, 1.1938052083641213
0.0011779863800077, 0.0055371417289033, 0.0065601667255242, 0.0065492655563946, 0.006647130926363, 0.0066234715868613, 0.0065129156023893, 0.0066408523762533, 0.0057015204214152, 0.0010497678397095, 1.0941989183758e-05, 1.2101531298503e-06, -1.0018742923705e-05, -4.5450868589911e-05, 1.5923349082595e-05, 3.6535616035923e-05, 8.6592757715186e-06, -6.7602748386684e-05, 4.8900806645956e-05, 8.161300234292e-05, 1.2566370614359172
0.0011557650925479, 0.0058438639190405, 0.0071097174536789, 0.0070865667588629, 0.007187330378311, 0.0071642186108462, 0.0070548264129965, 0.0071822508595733, 0.005976474222352, 0.0010487138808038, 5.3612781006898e-06, -1.3766093079092e-05, -2.1049622414511e-05, -4.5337955670631e-05, 8.6381027800098e-06, 2.6011770893063e-05, 1.7330998356577e-07, -6.7820572847634e-05, 2.6542361208995e-05, 6.3974221677526e-05, 1.319468914507713
0.001198254869355, 0.0060566377200184, 0.0073567540832227, 0.0073310117788559, 0.0074330994942652, 0.007410327928171, 0.0072990327784872, 0.0074293924423348, 0.0061913446075743, 0.0010880188703871, 5.7529044591078e-06, -1.1825720070753e-05, -1.875363677644e-05, -4.3011440507278e-05, 1.0606355295684e-05, 2.7844601623051e-05, 2.133877002892e-06, -6.5523126753424e-05, 2.8079788771473e-05, 6.4052667749154e-05, 1.382300767579509
0.0012434069290031, 0.0062824417702072, 0.0076182600419299, 0.0075895999104984, 0.007692916846671, 0.007670609396365, 0.0075574301687191, 0.0076908172185172, 0.0064192380387603, 0.0011297681385487, 6.0635595605446e-06, -1.0142158578711e-05, -1.6754249114223e-05, -4.0912092383719e-05, 1.2187224154251e-05, 2.9232892711858e-05, 3.7172985264876e-06, -6.340939520781e-05, 2.921579061433e-05, 6.3870344002406e-05, 1.4451326206513049
0.0012894688483246, 0.006511374827409, 0.0078819419298267, 0.0078501382939277, 0.0079544732007169, 0.0079327605983641, 0.0078178573073676, 0.0079541729092888, 0.0066500970466146, 0.0011723560087889, 6.3192544483532e-06, -8.5868445651919e-06, -1.4899938431149e-05, -3.8885729362677e-05, 1.3513184359284e-05, 3.0303603100007e-05, 5.063599649173e-06, -6.1311548754045e-05, 3.006823336873e-05, 6.3435694613221e-05, 1.5079644737231006
0.0013410155550899, 0.0067675827390195, 0.0081768744117768, 0.0081414331890847, 0.008246808125341, 0.0082258283519434, 0.0081090601357802, 0.0082486289070315, 0.0069084120839761, 0.0012199651988037, 6.4796984853562e-06, -7.3472120605658e-06, -1.3406800347771e-05, -3.7143553594771e-05, 1.4392085054669e-05, 3.08666061509e-05, 5.9661614999929e-06, -5.9465790471059e-05, 3.0447761191992e-05, 6.2718131087902e-05, 1.5707963267948966
0.001395783222183, 0.007038187587737, 0.0084870169528541, 0.0084475688770357, 0.0085538474466492, 0.0085337513231802, 0.0084151664799295, 0.0085580605471441, 0.0071810967119876, 0.0012705202896095, 6.5753091702251e-06, -6.2672367285617e-06, -1.2089991055062e-05, -3.5493931110841e-05, 1.4982108301745e-05, 3.1071012173331e-05, 6.5932564204484e-06, -5.766129125887e-05, 3.0491945407328e-05, 6.1718862061771e-05, 1.6336281798666925
0.0014577664003098, 0.0073436112635743, 0.0088366140287425, 0.0087925554376137, 0.0088997798275517, 0.0088807328198423, 0.0087601415995653, 0.0089067745474181, 0.0074888520606996, 0.0013276706103318, 6.5819923344986e-06, -5.4568737337628e-06, -1.1074471413777e-05, -3.4056940002364e-05, 1.5172145996699e-05, 3.0805061092833e-05, 6.8225327535326e-06, -5.6037915388697e-05, 3.0083297416978e-05, 6.0416200826076e-05, 1.6964600329384885
0.001526984725297, 0.0076827177962697, 0.0092236158179142, 0.0091743320879536, 0.0092824900123559, 0.0092646787041381, 0.0091419420005762, 0.0092926737165845, 0.007830495871617, 0.0013914255587487, 6.5113287390197e-06, -4.8450775613293e-06, -1.0272060773357e-05, -3.2733098195689e-05, 1.5034069650195e-05, 3.0131243153054e-05, 6.7289966518036e-06, -5.4488727872804e-05, 2.9270413243257e-05, 5.8793348295028e-05, 1.7592918860102844
0.0016607470379617, 0.0082991193439434, 0.0099021584648787, 0.0098730085466795, 0.009958687062052, 0.0099363527980977, 0.0098572502443666, 0.0099476716594963, 0.0083461977849506, 0.0016437684693412, 1.7158610979832e-06, -2.6748731045952e-05, -4.0161390477892e-05, -6.5016869836153e-05, -2.0289863732287e-05, -5.1020127430895e-06, -2.5065800531788e-05, -7.9396548363504e-05, 9.4736493952834e-06, 5.2725645119361e-05, 1.82212373908208
0.0016591364246571, 0.0082986405423436, 0.0099021584648787, 0.0098722506661739, 0.0099571560276454, 0.0099352525473883, 0.0098568095884967, 0.009946783264846, 0.0083447330077533, 0.0016425434105819, 2.4348699099912e-06, -2.2807270755648e-05, -3.5218668311908e-05, -5.9570547646533e-05, -1.5724717617568e-05, -8.2875765558294e-07, -2.0386977974328e-05, -7.3703730797254e-05, 1.2744815394712e-05, 5.2490918118665e-05, 1.8849555921538759
0.0017472063204583, 0.008726568581595, 0.010390588884401, 0.010323551537298, 0.010432247055652, 0.010419476318724, 0.010292042060847, 0.010453834293038, 0.0088803503512426, 0.0015939394613127, 6.031105261071e-06, -2.8877444061308e-06, -7.4952149050986e-06, -2.7512676450737e-05, 1.3986578105032e-05, 2.6818144614017e-05, 5.9740648434126e-06, -4.807160120873e-05, 2.534333119754e-05, 5.1579466830152e-05, 1.9477874452256718
0.0018472419621013, 0.0091264770737031, 0.010823180895669, 0.010752891787664, 0.010868010623675, 0.010854720401398, 0.010718817801716, 0.010891046960225, 0.0092945538506593, 0.0016768516981602, 7.5215885535322e-06, 6.6767722794839e-08, -6.3460481169439e-06, -3.0397836722249e-05, 1.3904981450202e-05, 2.7713365457475e-05, 5.5906450926317e-06, -5.2190954415551e-05, 2.9866010846243e-05, 5.7344966889573e-05, 2.0106192982974678
0.0019388458144708, 0.009527486991505, 0.011253195556219, 0.01117512875354, 0.011289365880286, 0.011278698341046, 0.011141692361786, 0.011317723479343, 0.0096978100888056, 0.0017596907436299, 7.1967359900713e-06, 5.9125396182114e-07, -5.6687560249788e-06, -2.8666541700189e-05, 1.2399310803783e-05, 2.5049066951702e-05, 4.2689203691834e-06, -4.9787978196319e-05, 2.7350682630023e-05, 5.3628728279638e-05, 2.0734511513692637
0.0020479837126396, 0.0099950256102824, 0.011750803957103, 0.011663782390857, 0.011777088418174, 0.011769438356746, 0.011631026224371, 0.011811575449501, 0.010168274604906, 0.0018580538410635, 6.8234187952837e-06, 1.178927429487e-06, -4.8542891245842e-06, -2.6609736049673e-05, 1.081949831094e-05, 2.2154975676844e-05, 2.8636298591884e-06, -4.7035555305851e-05, 2.4486332468326e-05, 4.9416388416285e-05, 2.1362830044410597
0.0020458768261653, 0.009986657141006, 0.011769714261857, 0.011654928039224, 0.011793888048217, 0.011790012593264, 0.011610304132496, 0.011846673392798, 0.010222313350727, 0.0017945013810361, 8.1274714226537e-06, 4.3678012219547e-06, -3.0005356438904e-06, -2.7807220771149e-05, 1.1241350548874e-05, 2.3165098925679e-05, 3.1540194420187e-06, -4.8921403094687e-05, 2.8481880424163e-05, 5.3495946100089e-05, 2.199114857512855
0.0021175324190172, 0.010299900905211, 0.012109702064403, 0.011986215886202, 0.012123835058248, 0.012122530795756, 0.011943618208578, 0.012181073337915, 0.010528634043773, 0.0018698514465801, 7.8079833097842e-06, 5.0815137276653e-06, -2.0234552781686e-06, -2.5576673160297e-05, 1.0165636959438e-05, 2.1033748108608e-05, 2.6542009070817e-06, -4.5235393794155e-05, 2.6838407315553e-05, 4.9747579920824e-05, 2.261946710584651
0.0021924831841101, 0.01062294906974, 0.012458810241744, 0.012323981413981, 0.012460735412308, 0.012462782039221, 0.012283176361602, 0.012524305257633, 0.010847302870894, 0.0019461831324529, 7.4832691294115e-06, 6.0583387527652e-06, -7.0493497261923e-07, -2.2835158970928e-05, 9.1746255190167e-06, 1.8856174898082e-05, 2.3275659953648e-06, -4.0833005675202e-05, 2.5167096562638e-05, 4.5549428487289e-05, 2.324778563656447
0.0023477031955729, 0.010943083031019, 0.012651800173068, 0.012563576503766, 0.012669441401919, 0.012662973387939, 0.012536727462498, 0.012701574822528, 0.011090218027093, 0.0021681204809467, 9.8617543773136e-06, 1.0060007937251e-05, -1.3100360186493e-06, -3.1489780113836e-05, 4.3254278149863e-06, 1.5679228621152e-05, -1.9452328468274e-06, -4.953727333828e-05, 3.232298780188e-05, 5.5087315244854e-05, 2.3876104167282426
0.0025792827531481, 0.011674227847004, 0.013350647828639, 0.01324795620328, 0.013352690477123, 0.013351468609299, 0.013221421445588, 0.013395233993822, 0.011832741088389, 0.0023638484462266, 1.0617134375842e-05, 1.4875583993639e-05, 3.0367932612368e-06, -2.7780612879821e-05, 3.4453573248101e-06, 1.3060232911326e-05, -2.8428336227335e-06, -4.5739225417398e-05, 3.18261496878e-05, 5.1968052086234e-05, 2.4504422698000385
0.0026270635486815, 0.0117243596834, 0.013368146897532, 0.013256806329355, 0.013362059113972, 0.013362928219056, 0.013232275539642, 0.013407404001722, 0.01186732869457, 0.0024397736069817, 1.0299896568437e-05, 1.1154173795529e-05, 4.9991554127947e-07, -2.9654276207463e-05, 8.135579556892e-06, 2.0166999488352e-05, 1.6948918693593e-06, -4.8103266780303e-05, 3.5545024731827e-05, 5.7362074026373e-05, 2.5132741228718345
0.0026818545472967, 0.012019133708203, 0.0136880183751, 0.013573362924316, 0.013673913998473, 0.013676296333557, 0.013552416636938, 0.013720084864791, 0.012144940552072, 0.0025138838904724, 9.3847257557471e-06, 1.0715608464917e-05, 1.1521062878096e-06, -2.6005054651983e-05, 7.5663787239641e-06, 1.8270063605581e-05, 1.9088783982597e-06, -4.2330510745324e-05, 3.2475989229718e-05, 5.1425638407889e-05, 2.57610597594363
0.0028355670066652, 0.012359244789147, 0.013969569646096, 0.013860780725074, 0.013957230744623, 0.013958485106179, 0.013842295619419, 0.013998489386599, 0.012470783660413, 0.0026778685943457, 1.1792410506023e-05, 1.5754203222945e-05, 3.0476754443011e-06, -3.0617160886185e-05, 6.7012890850684e-06, 1.8908623146768e-05, 1.2419896642338e-06, -4.7556124591134e-05, 4.0447318289248e-05, 6.0216261997814e-05, 2.638937829015426
0.002898534746697, 0.012653203233631, 0.01427804532044, 0.014168866328518, 0.014261253013838, 0.014262993925164, 0.014153555916455, 0.014301394633579, 0.01274771801963, 0.0027604033610689, 1.0666777074087e-05, 1.5021766015803e-05, 3.6964267493454e-06, -2.6322956820115e-05, 6.2293368619178e-06, 1.6926785292267e-05, 1.6197275890578e-06, -4.0908281700961e-05, 3.6710707880395e-05, 5.3277621090948e-05, 2.701769682087222
0.0030929513547026, 0.013312211106893, 0.014900594974764, 0.014814378581026, 0.01487914662325, 0.014881000048326, 0.014807196229872, 0.014910700661935, 0.013363439784587, 0.0030130006818261, 8.3410145554755e-06, 1.0851360291073e-05, 6.9408267512302e-07, -2.4196699275529e-05, 1.394587973952e-06, 1.0036875134037e-05, -1.5215223916011e-06, -3.4478040164506e-05, 2.8818869391326e-05, 4.262376197015e-05, 2.764601535159018
0.0031507304634647, 0.013345288066652, 0.014900594974764, 0.014821138803866, 0.014884879083861, 0.014884717651828, 0.014814587997541, 0.01491135552771, 0.013389084578847, 0.0030827965977258, 1.1787610661247e-05, 1.9027495138288e-05, 5.8330762802107e-06, -2.6826301248991e-05, 4.469486556982e-06, 1.5440954754378e-05, 1.9873379870319e-06, -3.7600302396621e-05, 4.2195040232063e-05, 5.4902911584027e-05, 2.827433388230814
0.0032539149741834, 0.013584124847424, 0.015115894589578, 0.015015361003974, 0.015096893766465, 0.015097572419042, 0.01500714482662, 0.015128542914083, 0.013637266174376, 0.0031638005146532, 1.3571449572585e-05, 2.4411794246552e-05, 9.4294732082927e-06, -2.6951627357833e-05, 4.382409817429e-06, 1.5355373895653e-05, 1.7937211851266e-06, -3.834548208749e-05, 4.65529095772e-05, 5.8323253217444e-05, 2.8902652413026098
0.0030379393344943, 0.013623359974449, 0.015670403151366, 0.015432646909461, 0.015580404868451, 0.015598289986204, 0.015425947769853, 0.015664715796326, 0.013713623009451, 0.002853055701799, 2.7630974726229e-06, 2.1072673169381e-06, -1.2336629490081e-05, -3.1197278128083e-05, -3.3940472710994e-05, -3.4043863962067e-05, -3.1690956062894e-05, -2.8822586300333e-05, -1.7398654644649e-06, 9.0874233412015e-06, 2.9530970943744053
0.0025598881595509, 0.013432896072246, 0.016183812658042, 0.015989317774749, 0.016147600734576, 0.016145904340721, 0.015980795228706, 0.016199563340761, 0.013473475340514, 0.0025181542706635, 4.5086842816938e-06, 7.1343755254155e-06, 2.6692762523754e-06, -9.5719448270584e-06, 3.1624924692464e-06, 7.3592909272893e-06, 1.3130943888453e-06, -1.5327386956714e-05, 1.5782320719548e-05, 2.1496952766492e-05, 3.015928947446201
0.0030395843529341, 0.013897352438291, 0.017700107612132, 0.014721461560316, 0.017217744448842, 0.017252827204164, 0.014632027583181, 0.017813622513079, 0.014301372762093, 0.0025606236142617, 2.2488058937907e-05, 6.7821428576019e-05, 0.00011359541175669, 0.00013737900171059, 0.00020587758640952, 0.00022437335572267, 0.0001875423317201, 9.7011503116484e-05, 0.00011518874868237, 6.8999157001423e-05, 3.078760800517997
0.0013056102385155, 0.012358154481931, 0.019989696296265, 0.013890512850144, 0.018904104564289, 0.018929290244081, 0.013913691957937, 0.019931465183439, 0.012336548192899, 0.0012899716844318, 4.1206107803617e-05, 4.4194794139674e-05, -8.9431423986793e-05, -0.00024396660845382, -0.00026547393680755, -0.00026145393508581, -0.00023698507399017, -0.0002044028392946, 1.2664242105136e-05, 7.7472389611345e-05, 3.141592653589793
